year_month,subreddit,sentiment_mean,sentiment_std,count
2019-03,WeightLossAdvice,0.9966,,1
2020-01,diabetes_t2,0.0258,,1
2020-02,WeightLossAdvice,-0.4215,,1
2020-05,WeightLossAdvice,0.7780666666666667,0.1837447777035672,3
2020-06,WeightLossAdvice,-0.1415666666666667,0.9899568189236,3
2020-06,diabetes_t2,0.5408,0.44477016536633834,2
2020-07,WeightLossAdvice,0.171125,0.3964676479024907,4
2020-08,WeightLossAdvice,0.2593666666666667,0.9286226162081845,3
2020-09,WeightLossAdvice,-0.05852500000000002,0.8538136111002214,4
2020-09,diabetes_t2,0.35015,0.49518687886493923,2
2020-10,WeightLossAdvice,0.062049999999999994,0.9353562797137784,4
2020-11,WeightLossAdvice,0.7755333333333333,0.19193218420403943,3
2020-12,WeightLossAdvice,0.489475,0.6197599621742967,8
2020-12,diabetes_t2,0.45325000000000004,0.6045055872363795,2
2021-01,WeightLossAdvice,0.5184,0.5604899713643412,6
2021-02,WeightLossAdvice,-0.17113333333333333,0.9957571206540946,3
2021-03,WeightLossAdvice,0.15928,0.715963132430714,5
2021-03,diabetes_t2,0.6249,,1
2021-04,WeightLossAdvice,0.18826,0.996367233001969,5
2021-04,diabetes_t2,-0.18369999999999997,1.027839243267156,3
2021-05,WeightLossAdvice,0.70874,0.2615794009473988,5
2021-06,WeightLossAdvice,0.6908,,1
2021-06,diabetes_t2,0.48324999999999996,0.26481148955436207,2
2021-07,WeightLossAdvice,0.8957,,1
2021-08,WeightLossAdvice,-0.8505,,1
2021-08,diabetes_t2,-0.2263,,1
2021-09,Ozempic,0.5667,,1
2021-10,WeightLossAdvice,0.9898,0.009192388155425165,2
2021-10,diabetes_t2,-0.7003,,1
2021-11,diabetes_t2,0.8689,,1
2021-12,WeightLossAdvice,-0.8411,,1
2022-01,Ozempic,0.0,,1
2022-01,WeightLossAdvice,0.7166,0.3149453603404883,2
2022-01,diabetes_t2,-0.7096,,1
2022-02,diabetes_t2,0.765,,1
2022-03,WeightLossAdvice,-0.06795000000000001,0.6921868281035114,2
2022-04,WeightLossAdvice,-0.05232000000000001,0.7378083470658217,5
2022-05,WeightLossAdvice,0.9604,,1
2022-06,WeightLossAdvice,-0.7351,,1
2022-06,diabetes_t2,-0.9783,,1
2022-07,WeightLossAdvice,0.1079,1.163332076408108,2
2022-07,diabetes_t2,0.08943333333333332,0.8976125240510704,3
2022-08,WeightLossAdvice,0.9349,,1
2022-08,diabetes_t2,-0.26335,0.37243314165095454,2
2022-09,WeightLossAdvice,0.6815000000000001,0.4142066271802034,3
2022-09,diabetes_t2,0.1631,0.2301895523259038,3
2022-10,WeightLossAdvice,0.44589999999999996,0.5576244076437114,2
2022-10,diabetes_t2,-0.2111,,1
2022-11,WeightLossAdvice,0.9604,,1
2022-11,diabetes_t2,-0.27625,0.35418978669634166,2
2022-12,Ozempic,0.4404,,1
2022-12,WeightLossAdvice,0.45475,0.49787388463344806,2
2022-12,diabetes_t2,0.28845,0.2905501763895524,2
2023-01,Ozempic,-0.8689,,1
2023-01,WeightLossAdvice,-0.6148,0.4105461971569095,2
2023-01,diabetes_t2,0.128,,1
2023-02,Ozempic,0.3868,0.5470178059259131,2
2023-02,Semaglutide,0.9666,,1
2023-02,WeightLossAdvice,-0.4939,,1
2023-02,diabetes_t2,-0.034999999999999996,0.4008791837948187,3
2023-03,Semaglutide,0.0258,,1
2023-03,WeightLossAdvice,0.32715,0.679176063329679,2
2023-03,diabetes_t2,0.0065749999999999975,0.6694212792903036,4
2023-04,Ozempic,0.7977333333333334,0.25339467897596696,3
2023-04,WeightLossAdvice,0.234525,0.7865098659054867,4
2023-05,Ozempic,0.3008,,1
2023-05,Semaglutide,0.23195000000000002,0.18278710293672257,2
2023-05,WeightLossAdvice,-0.46575,0.20866721112815012,2
2023-05,diabetes_t2,0.226875,0.6127753659920303,4
2023-06,Ozempic,-0.1889,0.8029633075884186,4
2023-06,Semaglutide,0.8112,0.07537758287448598,2
2023-06,WeightLossAdvice,0.47275,0.6844086535104593,2
2023-06,diabetes_t2,0.39494999999999997,0.5264203557994314,6
2023-07,Ozempic,-0.38653333333333334,0.554653173914414,3
2023-07,Semaglutide,0.7964,,1
2023-07,diabetes_t2,-0.27935,0.9330273977756495,2
2023-08,Semaglutide,0.7741,,1
2023-08,diabetes_t2,0.4819857142857143,0.472891229313787,7
2023-09,WeightLossAdvice,0.6709,,1
2023-09,diabetes_t2,-0.0258,,1
2023-10,Ozempic,0.77435,0.17783735546841672,2
2023-10,Semaglutide,0.926,,1
2023-10,diabetes_t2,0.36545,0.638892095740744,4
2023-11,Ozempic,0.9538,,1
2023-11,WeightLossAdvice,0.7783,,1
2023-11,diabetes_t2,-0.33736666666666665,0.33226291296702576,3
2023-12,Ozempic,-0.0108,0.015273506473629427,2
2023-12,Semaglutide,-0.29695,0.34697729752823886,2
2023-12,WeightLossAdvice,0.35705000000000003,0.39576766543011066,2
2023-12,diabetes_t2,0.8481,,1
2024-01,Semaglutide,-0.4019,,1
2024-01,WeightLossAdvice,0.008049999999999946,0.7334818641248058,2
2024-01,diabetes_t2,-0.5568,0.5034600282048218,2
2024-02,Ozempic,-0.23870000000000002,0.7239359225787874,2
2024-02,Semaglutide,0.4019,,1
2024-02,WeightLossAdvice,0.9479,,1
2024-02,diabetes_t2,0.59215,0.45332615741869564,2
2024-03,Ozempic,-0.22895,0.5048035310890763,2
2024-03,Semaglutide,-0.39093999999999995,0.28433675105409784,5
2024-03,WeightLossAdvice,0.3421,0.5680735427741728,5
2024-03,diabetes_t2,0.24475000000000002,0.38265589851283704,4
2024-04,Semaglutide,0.3715,0.5253803384216048,2
2024-04,WeightLossAdvice,-0.03251999999999999,0.71286023314532,5
2024-04,diabetes_t2,-0.31110000000000004,0.8899645948013887,2
2024-05,Ozempic,-0.14402500000000001,0.48648052633173305,4
2024-05,Semaglutide,0.08146666666666666,0.18757412756916486,3
2024-05,WeightLossAdvice,-0.6705,,1
2024-05,diabetes_t2,0.282625,0.8628577456143433,4
2024-06,Semaglutide,0.33749999999999997,0.598793694021572,6
2024-06,WeightLossAdvice,0.4004,,1
2024-06,diabetes_t2,-0.8692,,1
2024-07,Ozempic,0.19540000000000002,0.7504500049970018,3
2024-07,Semaglutide,0.460525,0.5621565936937264,4
2024-07,WeightLossAdvice,0.28526250000000003,0.6855149845970859,8
2024-07,diabetes_t2,-0.34875,0.5010850792696453,4
2024-08,Ozempic,0.8341000000000001,0.15160369388639586,2
2024-08,Semaglutide,0.5588,0.5041671349860083,2
2024-08,WeightLossAdvice,0.35063333333333335,0.7383571105276,6
2024-08,diabetes_t2,0.6911499999999999,0.1488459774397683,2
2024-09,Ozempic,0.5274571428571428,0.6697451252955432,7
2024-09,Semaglutide,0.5195923076923077,0.5076767433803037,13
2024-09,WeightLossAdvice,0.16246666666666665,0.7444802146464337,9
2024-09,diabetes_t2,0.42794999999999994,0.7921112905814855,4
2024-10,Ozempic,0.3869285714285714,0.49192638241335024,7
2024-10,Semaglutide,0.3401363636363636,0.4016257941734501,11
2024-10,WeightLossAdvice,-0.07563333333333334,0.8363302711394838,12
2024-10,diabetes_t2,0.97435,0.015485638507985374,2
2024-11,Ozempic,0.28271666666666667,0.6888400319861402,6
2024-11,Semaglutide,-0.013683333333333325,0.746940507447994,6
2024-11,WeightLossAdvice,0.42718181818181816,0.625164490063506,11
2024-11,diabetes_t2,0.9349,,1
2024-12,Ozempic,-0.06745999999999999,0.6368919674656153,10
2024-12,Semaglutide,0.02168181818181817,0.7380467503054015,11
2024-12,WeightLossAdvice,0.3157125,0.6711158776619728,8
2024-12,diabetes_t2,0.064575,0.9223693416956138,4
2025-01,Ozempic,0.5709857142857143,0.5410753791608577,14
2025-01,Semaglutide,0.4625285714285714,0.593004080189065,14
2025-01,WeightLossAdvice,0.16266,0.6745330851781847,5
2025-01,diabetes_t2,-0.10512500000000001,0.8611972997906268,4
2025-02,Ozempic,0.19261428571428568,0.5924088099406001,7
2025-02,Semaglutide,0.5883733333333333,0.40635180828346035,15
2025-02,WeightLossAdvice,0.926,,1
2025-02,diabetes_t2,0.60572,0.3327393679743952,5
2025-03,Ozempic,0.37199166666666666,0.5516925551235832,12
2025-03,Semaglutide,0.6139882352941176,0.42514817546702605,17
2025-03,WeightLossAdvice,0.9359,,1
2025-03,diabetes_t2,0.1894375,0.8070930340027191,8
2025-04,Ozempic,0.5681,0.49567429225248305,11
2025-04,Semaglutide,0.5188333333333334,0.4625371282394528,9
2025-04,WeightLossAdvice,0.47447500000000004,0.9782735315339979,4
2025-04,diabetes_t2,-0.044375,0.7246744761812516,8
2025-05,Ozempic,0.22835999999999998,0.7129184683899193,15
2025-05,Semaglutide,0.3957777777777778,0.6789737000499187,18
2025-05,WeightLossAdvice,0.9121,,1
2025-05,diabetes_t2,0.4843428571428571,0.6540899093578875,7
2025-06,Ozempic,0.29209444444444443,0.6022471463290117,18
2025-06,Semaglutide,0.483421052631579,0.533676890989865,19
2025-06,WeightLossAdvice,-0.21946666666666667,1.042680129921604,3
2025-06,diabetes_t2,0.43872,0.7726713706356669,5
2025-07,Ozempic,0.28617692307692305,0.6988677881090316,13
2025-07,Semaglutide,0.57878125,0.5198495105556992,16
2025-07,WeightLossAdvice,-0.912,0.09432804461028542,2
2025-07,diabetes_t2,0.19493333333333332,0.6819409935373197,6
2025-08,Ozempic,0.13906666666666664,0.5154058232758596,6
2025-08,Semaglutide,0.0887,0.5609762464587151,12
2025-08,WeightLossAdvice,0.9289,,1
2025-08,diabetes_t2,0.3637428571428572,0.6796101277308083,14
2025-09,Ozempic,-0.132825,0.7036451869846526,4
2025-09,Semaglutide,0.3614611111111111,0.6018705646847892,18
2025-09,diabetes_t2,0.699425,0.34082417143350224,4
2025-10,Ozempic,0.10793846153846154,0.6657696136850554,104
2025-10,Semaglutide,0.23639615384615384,0.6310192499857105,182
2025-10,WeightLossAdvice,0.17183577981651377,0.7055311572145795,109
2025-10,diabetes_t2,0.299590625,0.6187075682128155,96
