doc_id,doc_type,author_hash,score,created_utc,cleaned_text,token_count,subreddit,dominant_topic,topic_0,topic_1,topic_2,compound,pos,neu,neg,sentiment_class,topic_name
1kfbplk,post,9db93140,6660,2025-05-05 19:02:13,year later everyone post seriously never think make start medication may take first dose medication finally feel ready change life celebrate birthday self esteem feel old look old drink much know life start want first time year even imagine hit number first pretty miserable side effect doctor good manage steady losing want give year medicine hit goal set next goal hit thinking amazed ever hit proud say exactly year later year old weigh lbs lbs final goal emotional never think get life back confidence great job date start run feel incredible wake every mostly mean say easy quick journey semaglutide change life well anyone question good answer professional medical advice give keep everyone proud whatever stage journey,117,Semaglutide,0,0.9552788138389589,0.0196207445114851,0.0251004472374916,0.9849,0.287,0.662,0.051,positive,Weight Loss & Experiences
1fkjlru,post,8e9f07b0,6280,2024-09-19 17:58:24,finally maintenance weight loss easy linear vsg glp1 medication finally maintenance mode thankful,13,Semaglutide,0,0.8709411025047302,0.1128349006175994,0.0162240285426378,0.6486,0.349,0.529,0.122,positive,Weight Loss & Experiences
gis03c,post,efdeff54,4512,2020-05-13 10:06:11,size small zara shirt sit floor closet write five year ago see cute shirt zara pink lace small ruffle size small left buy time pound stand near size small tell often lose weight fit shirt one next year friend house look clothe get ready pound could find anything descent wear constant struggle outfit choice fashion would look stylish would hide fat terribly uncomfortable friend help find something wear come across shirt say still tag tell buy one fit tell stop buy clothe fit waste say use let wear someone use past couple year every time would look closet see shirt tuck way back would run finger lace trim say one one fit shirt today fit shirt,116,WeightLossAdvice,0,0.8788061141967773,0.1191804036498069,0.0,0.8481,0.188,0.688,0.124,positive,Weight Loss & Experiences
1jvcf9x,post,ec9359bb,3314,2025-04-09 23:35:04,loss finally reach today start journey glp-1 january journey grateful internal transformation external,13,Semaglutide,0,0.9622723460197448,0.0218274537473917,0.0159002617001533,0.2023,0.25,0.61,0.14,positive,Weight Loss & Experiences
1i9lxys,post,1b777330,3272,2025-01-25 18:00:04,hit goal weight wild current picture start wegovy august move ozempic insurance reason start weight lose make weight maintain right vacation last happy answer question thing see people ask talk last year half yes work person say workout plan continue maintenance also cut lot food drink year couple drink vacation still get drunk buzz think booze part life maintenance reason formerly enthusiastic social drinker lose lbs talk doctor maintenance dose wiggle room figure dose good yes lose ton hair healthy happy completely different person although may mean well respectfully keep comment still fat liberation total body neutrality socially one treat different one make weird comment body weight loss date well def pull dude class iii obese person physically feel different mobility issue previously feel free ask question hopefully helpful good luck everyone get,133,Ozempic,0,0.8684296607971191,0.1298137307167053,0.0,0.9823,0.266,0.638,0.096,positive,Weight Loss & Experiences
j9i8ag,post,18ad892d,4962,2020-10-12 07:32:11,general guide need start weight loss journey answer question people put volume attempt edit thank award much appreciate also add quote diet meet think would cool add edit remove intro since original guide pin anymore save lot extra reading skip text thank award give much appreciate disclaimer end bloke internet bias opinion knowledge perfect ability write dietician tell food eat advise calorie intake macro intake want food plan advise see dietician register govern body lot nutritionist claim dietician also doubt health preexist medical condition injury need see doctor first also exercise put suggestion check form sure form exercise research film see wrong lot sub reddit submit video check form get friendly advice general guide need start weight loss journey answer question people put attempt key note wanna read healthy calorie deficit applicable activity want lose weight scale end weight loss work tdee calorie realistic activity less distance walk travel move around sedentary lifestyle keep mind say much workout scale end weight loss time night eat matter scale end weight loss take body measurement photo journal must one photo underwear one outfit sometimes critical eye see actually change outfit scale end weight loss exercise lose weight help hell lot scale end weight loss move whatever exercise regularly good exercise aware yoga everyday win burn crossfit class scale end weight loss process take long time consistent effort expect change scale end weight loss measure gravity ground factor change body composition far important end goal weight bad thing gospel well far long wind stuff calorie lose weight simple principle energy expenditure must expend consume simple calorie deficit correctly lose weight even suffer something like pco work sometimes notice client work slow excuse work adult recommend calorie deficit maintenance calorie year old recommend calorie still grow small deficit well increase kid physical activity lot time need child deficit add slow weight loss usually sign good weight loss good habit ingrain life healthy calorie deficit average person calorie deficit pretty pointless usually sustainable exception doctor recommendation bodybuilder morbidly obese may likely need big deficit calorie normally eat would advise calculate calorie maintenance compare calorie eat far bring maintenance calorie first adapt healthy level calorie add deficit well typically people help eat excess calorie plus eat maintain current weight calculate calorie recommend calculator perfect calculator job reliably enough one recommend total daily energy expenditure tdee estimation many calorie burn per exercise take account calculate first figure basal metabolic rate bmr basically calorie body require function healthily multiply value activity multiplier since bmr represent many calorie body burn rest necessary adjust number upwards account calorie burn true even sedentary lifestyle freak high expect remember slow steady weight loss good choose activity level personal belief teach travel cover foot walk format exercise general activity sedentary cover distance drop activity one level may workout time heavy exercise sit butt office job moderate exercise choice probably wise calculation info put accurate mind able put body fat percentage calorie suggestion accurate preferred method measure body fat like point calip test need someone know accurate even know properly variable even still recommend bio electrical impedance vary widely depend body shape think pear shaped people hydration take fitbit aria massive pinch salt wait every see mate know point test worry much figure body fat percentage though general body composition along important whether change well kid worry measure unless doctor request aware specifically use calculator workout tdee follow fitness tracker tdee take daily life exercise equation add exercise calorie allowance already keep tdee tracker also aware lose weight need check tdee lose enough need work tdee aware weight loss slow plateaus track eat main two app website myfitnesspal loseit good regularly correct update personally use myfitnessspal quite simple log eat preferably time eat remember properly food prep mean everything include biscuit one work college offer pass also aware log liquid calorie well drink lot smoothy cordial fruit juice soda coffee milk sugar still calorie especially like latte make sure log well many time eat well liquid ruin progress genuinely past client change nothing food apart drop drink apart water lose please look everything conjunction use one app need good set scale preferably digital opinion accurately put eat high chance eat proper deficit accurately log eat ever say accurate diet study show time time people underestimate eat greatly would trust portion size packaging well time match put packet example plain wrap could say wrap calorie packaging end serve calorie lot difference calorie build multiple meal easily meal calorie difference real change especially plan deficit calorie community say track food cause eat disorder realistic truth keep track eat way reasonable accuracy chance overeat lose weight fault diet culture anything like responsibility pretty sensible diet work get used know inside start eyeball portion one want stick scale time cook forever recommend high volume low calorie food object use know within reasonable amount accuracy amount tiny measure jug portion rice pasta know level right uncooked also admittedly allow inaccuracy diet assumption eyeballing always overestimate cover stop disappointment diet iterate enough one sustain good diet honestly matter follow slimmer world keto intermittent fasting kinda one anything thing else like say deficit lose weight healthy balanced diet preferable wholly necessary come lose weight recommend personally think good thing food calorie work use macro break breakdown much protein fat carb eat app track add seem overly complicated feel much bother think good idea especially try form exercise tone physique would protein fat carb break protein fat help feel full long generally satisfied eat protein also help keep muscle mass lose weight bit bro science also kinda true especially exercise regularly part make sure eat quota protein worry much break fat carb long hit calorie goal admittedly though always feel satisfied keep macro break state use fast hour feed hour girlfriend little one really work well though quite often eat eat vegetarian tell never one another story like able sit eat chat dinner table instead sit like pleb away sofa typically small lunch biggish evening meal snack little rough version intermittent fasting work dietitian meet cool chat say add guide clear thing could tell eat eat kinda job end make food plan put calorie plan lose weight maintain weight gain weight depend medically need deal lot nhs work perfect world tell never eat bacon pretty bad king delicious know eat like eat slice win kill little everything fine excess anything bad stop complicate eat meat veggie fruit nut fat carbs protein junk lot one thing stay hydrated many time people moan hungry dam time dehydrate know eat calorie bracket macro recipe help fairly good choose amount meal want well snack come idea well even let get rid food like mushroom choose diet plan like keto etc help much possible far aware still free dietician say eat please ask government body register dietician something like otherwise link pretty good review peer old client scale weight loss measurement scale end weight loss really good guide help show downward trend dictate success failure well scale equipment measure relation earth gravity forever make cry sleep use pinch salt please beg aim lose certain amount aim lose accept temporary measure lifestyle change take long time accept plan long term screw beach body ready crap along scale recommend take photo underwear also photo one particular outfit well take body measurement tape measure youtube old cheesy explain use tape measure pretty well ignore caliper section pretty naff regular take measurement would recommend scale take photo underwear time stand scale repeatedly throughout find weight fluctuate much hour take measurement tape measure photo select outfit would recommend take every try always keep interval consistency lady natural cycle affect weight greatly probably already know try forget scale mess around bit explain well male like leave lady read another trainer respect speed weight loss unfortunate truth weight loss fast good time plateaus often strap long haul loss sometimes even barely register scale remember still downward trend matter small thing plateaue freak breathe look plateau look past measurement photo see change especially beginning look well eat accurately track eat common issue eyeballing skill regular food eat physical activity drop late life work get way sometimes need evaluate tdee temporally activity low one good cause plateau since lose weight tdee drop common reason lose weight tdee drop normal weight loss fluid thing calorie aware adapt necessary exercise honest exercise enjoy regularly important thing exercise enjoy time win keep simple aware yoga win burn much crossfit class stuck idea simple circuit require lot space would advise make sure warm exercise recommend follow one quick easy get job recommend darebee workout idea general ever stick follow workout pretty simple follow format try circuit min rest circuit matter couple circuit start workout exercise rep squat reverse lunge press tricep dip chair similar stable object jump squat plank hold sec workout exercise rep walk lunge jump squat step press sprint spot secs crunch workout exercise rep burpee try include press plank sec press squat bicycle crunch jump lunge workout one bit hard rest see challenge exercise rep burpee press jump squat tricep dip chair similar stable object walking lunge sprint spot sec exercise please look properly make sure know properly afraid make exercise easy hard need workout make sure cool stretch properly enough cover muscle group supplement long story short need protein powder help get protein quota good multi vit keep fat burner fat metabolizor fat remover crap say help burn fat chance waste money well spend elsewhere come supplement much say honest think need much unless train something specific bother look unless trainer use personally advise otherwise ask nutrition supplement reddit info ouff well lot text hope well old one explain thing bit clearly grammar spelling awful probably dyslexia english mix lol thank much could manage drag far terrible writing skill hope help,1625,WeightLossAdvice,1,0.4167289137840271,0.574260950088501,0.0,0.9993,0.211,0.667,0.123,positive,Diet & Nutrition
1kuagon,post,dc59619d,3373,2025-05-24 17:58:50,little inspiration size size boot camp style workout take class hold accountable focus try get strong every class everyone starting point stretching breath yes loose skin stomach look like give birth tighten significantly also arm wait leg catch huge food know bad eating carb fat weight fall protein protein protein shake fine buy big bag turkey sausage pop three microwave get food live rotisserie chicken hot sauce eat little carb body still need carb would measure cup rice spread nicely plate year struggle sulfur burp cure metamucil almost puke random time feel nauseous would chug water help even jump wood road trip shit self eat something suppose hammer symptom learn cause body adjust make lifestyle change get routine,118,Semaglutide,1,0.4560763835906982,0.542044997215271,0.0,0.5859,0.15,0.733,0.116,positive,Diet & Nutrition
kmt0jp,post,3e4ce20e,3221,2020-12-30 08:01:40,weight loss work make pretty sick listen typical weight loss advice write post tell everyone work along advice see doctor get health profile first would know low blood pressure therefore would listen people tell reduce salt intake drink water almost die take reduce salt low awesome self test food allergy method treat like baby start easy process food add back one food reduce eliminate food give stomach pain bloat allergic reaction method every eliminate food food type look reduced bloating weight loss look stomach pain etc add back find allergic wheat get test celiac lose ton weight stop allergic reaction guzzle drink thirsty need knock back entire bottle water thirsy drink fast cause stomach pain turn make want avoid water drink lot throughout stay hydrated drink food lubricant body mostly water need water often people drink glass liter hello mcdonald cup liquid every meal drink enough case big takeout cup drink much avoid high fructose corn syrup say avoid artificial sweetener tend taste sweet sugar accidentally normalize sugar system reset tastebud detox drink nothing black tea water cleanse system palate way used extremely high sugar content food think food like fruit extremely bland reset palate easily develop normal relationship sugar thing like apple strawberry taste sweet cake pie eat less junk without even think choose snack texture train brain say want chip want something crunchy want carrot stick want chocolate want something smooth sweet want blueberry eat lot soup eat fibre food body process one bad mistake spend time toilet bad lot diet tell mainline lettuce pea feral corn poop lot grant average person lbs poop intestine grant get lot reading toilet get place thing need live eat useless green hatred lettuce showing look world full lettuce get spinach give iron boost kale bok choy nutrient powerhouse collard greens swiss chard love muffin magnesium calcium potassium lettuce like solid water metamucil mix stick swiss chard burger fry collard bok live little nothing green calorie except avocadoe avocadoe million calorie zillion gram fat taste like troll snot except guacamole mint chip ice cream calorie however green fite drink dah rink glass wine cocktail relax long reduce stress good thing alcohol positive effect red wine antioxidant vodka sterilize bourbon alleviate cold symptom alcohol loosen joint good ongoing health probably alcoholic granny live drink much fill extra calorie lower inhibition forever tipsy prof put every one drink think drunk drink drink think drunk think drunk smoking bad cardio air pollution smoke lose pound move place live smoker town well air quality start swim run gym instead outside basically breathe workout short need oxygen survive sport basically swim hour burn ish calorie run burn swimming length run circle full minute boring painful misery making people love run sure exist great hate run run hour hour game baseball soccer many time squat volleyball game many tricep pullback leisurely canoe trip across lake count would star wall watch wall whatever waste time wish could wish could beach wish could wear crop top irrational fear everyone would hate scream make fun completely irrational high school high school kid start wear bikini adult lot people compliment notice person big old ugly spectacle neon hate sign tap forehead catfish put whole self profile close face get professional photo take outfit absolutely love take care get hair cut skinny buy new clothe skinny love skinny get haircut dab hater similarly weird hell gesture people make fun would sprinkle glitter every time rain glitter asshole somewhere fairy get wing look face honestly priceless either look shocked get angry laugh think awesome either way win full disclosure someone try punch pretty glad cardio sleep important want tell people catch pass yoga stretch routine park forget thank coffee money hope help anyone,619,WeightLossAdvice,1,0.38786581158638,0.6117453575134277,0.0,0.5198,0.184,0.637,0.179,positive,Diet & Nutrition
gz4u6j,post,07529dcd,2000,2020-06-08 23:56:42,want lose weight effectively read year old male active whole life play three sport high school would lift weight time weigh around past year year start weight loss journey january today pound slightly strong tell see many young kid reddit page want give good advice work first run mile come home eat box doughnut lose weight weight loss diet work first thing look tdee set activity level sedentary tdee amount calorie burn every alive number accurate simply estimate want lose eat less calorie want lose lbs eat less calorie add amount calorie burn work know fitbit apple watch greatly overestimate amount calorie burn recommendation simply guess check let say tdee calorie think burn mean eat calorie stay weight would eat less calorie lose anywhere form lbs estimate pretty good lose weight eat much need lower calorie intake remember weight fluctuate every single sure look weekly trend make sure weight trend course two second download app myfitnesspal track calorie everything eat track know exactly many calorie eat hold accountable third drink calorie never ever drink calorie try lose weight know fill glass juice milk cut liquid calorie save many calorie put towards food instead drink water drink ton ton water thirsty anymore drink lot time really hungry drink water satisfy craving need quit soda cold turkey switch diet soda sure diet soda good water guess calorie need drink diet dew get soda switch diet fourth eat low calorie dense food mean gram spinach calorie calorie gram peanut need find food low amount calorie per gram nobody get fat spinach like salad eat time cut dressing sauce know many calorie tablespoon ranch waste calorie high calorie dressing sauce find dressing sauce low calorie essential lose weight example low calorie dense food spinach lettuce chicken breast egg white vegetable lean turkey eat meal make sure meal relatively low calorie total calorie add amount set spread meal satisfy craving often also eat lot protein fiber tend fill make full fifth macros matter much eat carb fat want weight loss calorie deficit hell want lose weight eat mcdonald every could track calorie eat little obviously try show lose weight burn calorie eat sixth okay bad follow diet tee every single still lose lot weight important thing limit amount bad lot one cheat turn two stay consistent finally weight loss expect lose pound consistent try change diet well lose weight healthy sustainable diet follow rest life keep weight good luck everybody feel free message question,409,WeightLossAdvice,1,0.233295738697052,0.7627553939819336,0.0,-0.894,0.148,0.691,0.161,negative,Diet & Nutrition
1l0w1vg,post,97f8baa3,1870,2025-06-01 23:56:41,tip learn simpson far work eat bell pepper episode homer lose weight trainer keep tell eat bell pepper hungry obviously survive pepper alone feel snackish know need food want avoid junk tell eat bell pepper cut one eat also know someone lose lot weight use get fast food lot start keep bag apple car snack apple instead get fast food work also snack apple snackish hungry find handy cut apple rather bite make feel bougie also feel healthy eat apple really recommend,82,WeightLossAdvice,1,0.069402664899826,0.9277487397193908,0.0,-0.719,0.073,0.78,0.147,negative,Diet & Nutrition
kffr8kf,comment,e22d5c5a,11,2023-12-29 22:59:52,unfortunately safe enough use fda approve pharmacy use fda approve medication,11,,2,0.4629986584186554,0.029763700440526,0.5072376132011414,0.128,0.203,0.629,0.168,positive,Community Support
n01e40o,comment,adc452ff,3,2025-06-27 15:28:32,mod team find post lack civility require user please treat poster civility courtesy continued violation rule may result additional action include ban,22,,2,0.3124406337738037,0.0142532819882035,0.6733061075210571,-0.3818,0.23,0.491,0.279,negative,Community Support
gavpot1,comment,587bbae5,3,2020-11-02 14:20:10,comment automatically remove permit use url shortener bot action perform automatically please contact moderator subreddit message compose question concern,19,,2,0.0482351556420326,0.0194755047559738,0.9322893023490906,0.3182,0.113,0.887,0.0,positive,Community Support
lhzyt3d,comment,adc452ff,2,2024-08-14 06:12:12,mod team find comment appear bully harassment continue violation rule may result additional action include ban,16,,2,0.4228338599205017,0.0184010621160268,0.5587651133537292,-0.926,0.0,0.471,0.529,negative,Community Support
jfvk8wi,comment,587bbae5,2,2023-04-12 02:14:56,sorry comment trip content review bot post send moderator approval bot action perform automatically please contact moderator subreddit message compose semaglutide question concern,23,,2,0.2361441105604171,0.0144505118951201,0.7494053840637207,0.6249,0.202,0.749,0.049,positive,Community Support
